{"content": "A 6,000-year-old axe has been discovered at George Washington’s Mount Vernon estate.\nA group of students and teachers participating in an archaeology field trip discover the stone axe head at Mount Vernon’s African American cemetery on Oct. 12.\nAccording to a release, the axe – which is seven inches long and three inches wide – dates back to the fourth millennia BCE and would have been an important part of the Native American toolkit during that period.","annotation":null,"extras":null,"metadata":{"first_done_at":1587244614000,"last_updated_at":1587244614000,"sec_taken":0,"last_updated_by":"KYU4xpDPuVcppCGAIbByomJNADs2","status":"done","evaluation":"NONE"}}
{"content": "Australian Prime Minister Scott Morrison and his Papua New Guinea counterpart, Peter O’Neill, met in Sydney to sign the joint redevelopment agreement for the Lombrum Naval Base on Manus Island.\n\nThe deal will enhance interoperability between the near-neighbors’ militaries and lead to more Australian naval visits, the leaders said in a statement.\n\n“I want to strengthen our engagement with the Pacific for the Pacific’s sake because this is our home,” Morrison said in a foreign policy speech.","annotation":[{"label":["person"],"points":[{"start":453,"end":460,"text":"Morrison"}]},{"label":["person"],"points":[{"start":315,"end":325,"text":"the leaders"}]},{"label":["person"],"points":[{"start":79,"end":91,"text":"Peter O’Neill"}]},{"label":["person"],"points":[{"start":32,"end":39,"text":"Morrison"}]},{"label":["person"],"points":[{"start":26,"end":39,"text":"Scott Morrison"}]}],"extras":null,"metadata":{"first_done_at":1587244324000,"last_updated_at":1587244324000,"sec_taken":48,"last_updated_by":"KYU4xpDPuVcppCGAIbByomJNADs2","status":"done","evaluation":"NONE"}}
{"content": "Joe Montana, forever linked with Dwight Clark, knows exactly how his old friend would have handled the unveiling of “The Catch” statue on Sunday morning.\n\n“He’d be whispering in my ear: ‘You know they didn’t call it ‘The Throw’ for a reason,’ ” the quarterback joked.\n\nMontana and more than 70 other former 49ers attended the unveiling ceremony at Gate A outside Levi’s Stadium. The twin statues feature an airborne Clark leaping high into the air for a fingertip catch, just as he did for “The Catch” against the Dallas Cowboys in the NFC Championship game on Jan. 10, 1982.","annotation":[{"label":["person"],"points":[{"start":269,"end":275,"text":"Montana"}]},{"label":["person"],"points":[{"start":245,"end":259,"text":"the quarterback"}]},{"label":["person"],"points":[{"start":33,"end":44,"text":"Dwight Clark"}]},{"label":["person"],"points":[{"start":4,"end":10,"text":"Montana"}]},{"label":["person"],"points":[{"start":0,"end":10,"text":"Joe Montana"}]}],"extras":null,"metadata":{"first_done_at":1587244596000,"last_updated_at":1587244596000,"sec_taken":124,"last_updated_by":"KYU4xpDPuVcppCGAIbByomJNADs2","status":"done","evaluation":"NONE"}}
{"content": "To celebrate 75 years of John Deere partnering and supporting the National FFA organization, National FFA commissioned the Delphi FFA Chapter of Delphi, Ind., to completely restore a John Deere Model B tractor.\n\n“When Piper Merritt, the 2017-2018 National FFA central region vice president visited our chapter during 2018 National FFA Week and saw four to five tractors we were restoring at the time in our shop, she mentioned that the National FFA Organization was looking for a chapter to restore a John Deere tractor,” said Doug Walker, adviser of the Delphi FFA Chapter.\n\nWalker said Merritt called within days saying that the National FFA would like the Delphi Chapter to be the one to restore a John Deere tractor that would be presented at the National FFA Convention to honor the 75-year partnership between John Deere and FFA.","annotation":[{"label":["person"],"points":[{"start":816,"end":825,"text":"John Deere"}]},{"label":["person"],"points":[{"start":701,"end":710,"text":"John Deere"}]},{"label":["person"],"points":[{"start":588,"end":594,"text":"Merritt"}]},{"label":["person"],"points":[{"start":576,"end":581,"text":"Walker"}]},{"label":["person"],"points":[{"start":532,"end":537,"text":"Walker"}]},{"label":["person"],"points":[{"start":527,"end":537,"text":"Doug Walker"}]},{"label":["person"],"points":[{"start":501,"end":510,"text":"John Deere"}]},{"label":["person"],"points":[{"start":224,"end":230,"text":"Merritt"}]},{"label":["person"],"points":[{"start":218,"end":230,"text":"Piper Merritt"}]},{"label":["person"],"points":[{"start":183,"end":192,"text":"John Deere"}]},{"label":["person"],"points":[{"start":25,"end":34,"text":"John Deere"}]}],"extras":null,"metadata":{"first_done_at":1587244362000,"last_updated_at":1587244362000,"sec_taken":37,"last_updated_by":"KYU4xpDPuVcppCGAIbByomJNADs2","status":"done","evaluation":"NONE"}}
{"content": "According to Polk County Sheriff’s Office Chief Deputy Jonathan Blackmon, Hardin is a Rome native who worked with RomeCares and Floyd Sheriff’s officials to get the supplies to a disaster relief zone.\n\n“We originally took in the supplies for the victims of Hurricane Harvey in Texas, but when Irma hit closer to home we felt it would be more beneficial to send them to Florida,” Blackmon said.\n\nThe team that went to Florida with the supplies helped with relief efforts in the Moore Haven area as well.","annotation":[{"label":["person"],"points":[{"start":379,"end":386,"text":"Blackmon"}]},{"label":["person"],"points":[{"start":64,"end":71,"text":"Blackmon"}]},{"label":["person"],"points":[{"start":55,"end":71,"text":"Jonathan Blackmon"}]}],"extras":null,"metadata":{"first_done_at":1587244403000,"last_updated_at":1587244403000,"sec_taken":40,"last_updated_by":"KYU4xpDPuVcppCGAIbByomJNADs2","status":"done","evaluation":"NONE"}}
